pappynene,noah,rajilongossnoah@poutlookl.com,123234343
pappynene,noah,rajilongossnoah@poutlookl.com,123234343
pappynene,noah,rajilongossnoah@poutlookl.com,123234343
pappynene,noah,rajilongossnoah@poutlookl.com,123234343
pappynene,noah,rajilongossnoah@poutlookl.com,123234343
thannuy,Longoss,thannylongossnoah@outlook.com,2345678909876
thannuy,Longoss,thannylongossnoah@outlook.com,2345678909876
thannuy,Longoss,thannylongossnoah@outlook.com,2345678909876
father,lord,saasdfghj@asdfgh.com,sdrtyuytrty
lasisi,elenu,elenu1@gmail.com,07778145678
asdfg,asdfg,asdfg@asdfgh.com,23456765456
sdfrtgssdfg@asdfghj.com,asdfghgfd,asdfgfdsasdfgh@sdfgh.com,1234567876543
sdfrtgyhuj,asdfgh,asdfghj@asdfgh.com,23456789
noah,longoss,rajilongossnoah@outlook.com,234567898765
,ASDFGHJ,ASDFGHJ@asdfrgtyh.com,SDFGHJ@ASDFGH.COM
noah,longoss,sdfgtyh@asdfgh.com,2345678
aasdfghj,sdfghj,ASDFGHJ@asdfghyj.com,234567
asdfgh,asdfghj,asdfghj@SDFGHJ.com,23456789
